id,category_id,min_score,max_score,level_code,title,description,requires_attention
066e45b4-bb37-4d0d-982d-c915ed571042,4f1f7d8e-e393-4a82-b1df-aaee62f38d72,8.0000,16.0000,low,Кризисное состояние семейных отношений,"Недостаточная эмоциональная поддержка
Проблемы в коммуникации
Риск социальной изоляции",False
4bd24400-f6d6-496c-914c-1c6f5f3d22f9,4f1f7d8e-e393-4a82-b1df-aaee62f38d72,17.0000,24.0000,medium,Нормализация семейных отношений,"Умеренная поддержка
Частичные проблемы коммуникации
Стабильная семейная структура",False
a280c5eb-63fa-4c42-9386-735d10254bca,4f1f7d8e-e393-4a82-b1df-aaee62f38d72,25.0000,40.0000,high,Здоровая семейная система,"Высокая эмоциональная поддержка
Эффективная коммуникация
Стабильные семейные связи",False
00b08938-2fba-493e-8cad-5c561acedd21,d33c0ebd-2005-4ebe-ae41-06cd93eef899,8.0000,16.0000,low,Деструктивный тип реагирования,"Избегание конфликтов
Неумение идти на компромисс
Агрессивная реакция",False
f56bb5fa-64c5-4421-9b7c-d05bd402ab18,d33c0ebd-2005-4ebe-ae41-06cd93eef899,17.0000,24.0000,medium,Смешанный тип реагирования,"Периодические трудности в разрешении конфликтов
Частичная готовность к компромиссам
Умеренная конфликтность",False
3091d546-bcc0-4021-86a3-3a55d5c3f75b,d33c0ebd-2005-4ebe-ae41-06cd93eef899,25.0000,40.0000,high,Конструктивный тип реагирования,"Умение находить решения
Готовность к компромиссам
Зрелая позиция в конфликтах",False
46f3681d-1e6b-48ce-8f4c-6c91ab04e92c,fb362370-73e2-4c29-a3b5-9a010ed1d40d,8.0000,16.0000,low,Дезадаптация,"Трудности в социализации
Проблемы с новыми контактами
Страх изменений",False
d4833a59-c120-4126-9189-7ea43892246d,fb362370-73e2-4c29-a3b5-9a010ed1d40d,17.0000,24.0000,medium,Частичная адаптация,"Умеренная социальная активность
Периодические трудности
Нормальная адаптивность",False
d3690d59-4eb6-4e49-85b6-18b3a9488c6e,fb362370-73e2-4c29-a3b5-9a010ed1d40d,25.0000,40.0000,high,Высокая адаптация,"Успешная социализация
Хорошие коммуникативные навыки
Гибкость в изменениях",False
ddd67de9-64c6-4e06-afa5-070bc5bdb42b,c3be280d-5c97-48b0-8baf-a43e9d28664d,8.0000,16.0000,low,Здоровые стандарты,"Реалистичные ожидания
Адекватная самооценка
Гибкие критерии успеха",False
75dc3798-fef5-4b06-8ca7-312b0907dc00,c3be280d-5c97-48b0-8baf-a43e9d28664d,17.0000,24.0000,medium,Умеренный перфекционизм,"Повышенные требования
Критичность к себе
Стремление к совершенству",False
daa4db25-a549-48dd-b7f3-ec9faff43fb5,c3be280d-5c97-48b0-8baf-a43e9d28664d,25.0000,40.0000,high,Патологический перфекционизм,"Чрезмерные требования
Самообвинение
Страх неудачи",False
7cf2faf0-a573-417a-bdb8-7d3522e071d8,2860b0b7-bd58-4d08-a512-0ae704385d6c,8.0000,16.0000,low,Оптимистичная позиция,"Вера в будущее
Позитивный настрой
Уверенность в силах",False
b5db3fa4-765f-49c5-af67-8e65c758cdf3,2860b0b7-bd58-4d08-a512-0ae704385d6c,17.0000,24.0000,medium,Умеренная безнадежность,"Периодический пессимизм
Сомнения в успехе
Снижение активности",False
f10f4bc3-79f0-4d78-8a73-463e03222994,2860b0b7-bd58-4d08-a512-0ae704385d6c,25.0000,40.0000,high,Глубокая безнадежность,"Устойчивый пессимизм
Отсутствие веры в успех
Пассивность",False
82f2c716-6109-4dd7-ae99-a678063ee484,2f969546-3e2e-4c8a-b62e-d414d7dc53bd,8.0000,16.0000,low,Низкая мотивация,"Отсутствие целей
Пассивность
Отсутствие стремлений",False
633410c6-bfdc-4f01-acd0-c8daebf1ba28,2f969546-3e2e-4c8a-b62e-d414d7dc53bd,17.0000,24.0000,medium,Средняя мотивация,"Наличие целей
Периодическая активность
Умеренные стремления",False
b8d3284a-03a6-4996-a583-c36806ac8fe4,2f969546-3e2e-4c8a-b62e-d414d7dc53bd,25.0000,40.0000,high,Высокая мотивация,"Четкие цели
Высокая активность
Стремление к успеху",False
0eed82ba-bd63-442f-a76b-d8be89bf0561,0c5b74c5-5318-44f2-9431-425714dd0755,8.0000,16.0000,low,Нормальная тревожность,"Адекватная реакция
Контроль над состоянием
Функциональная тревога",False
61856430-c51b-4c1c-8851-75595c9d61eb,0c5b74c5-5318-44f2-9431-425714dd0755,17.0000,24.0000,medium,Умеренная тревожность,"Повышенный уровень
Периодические беспокойства
Частичный контроль",False
26e96e52-34f7-49e4-9b76-be1182d46033,0c5b74c5-5318-44f2-9431-425714dd0755,25.0000,40.0000,high,Высокая тревожность,"Постоянный уровень
Нарушение функционирования
Тревожные расстройства",False
eeb65364-21c5-47e2-aa8c-d4ad4ff275f4,fbf1ff16-f439-45b3-9e75-b5e3920443e0,8.0000,16.0000,low,Отсутствие депрессивных признаков,"Нормальное настроение
Адекватная самооценка
Энергичность",False
5850a96d-fc60-4368-bcf7-70a8e40b91ff,fbf1ff16-f439-45b3-9e75-b5e3920443e0,17.0000,24.0000,medium,Легкая депрессия,"Снижение настроения
Умеренная утомляемость
Частичная потеря интереса",False
daeaf63b-ae42-4aeb-9ef8-a51b3317232c,fbf1ff16-f439-45b3-9e75-b5e3920443e0,25.0000,40.0000,high,Выраженная депрессия,"Стойкое снижение настроения
Значительная утомляемость
Потеря интереса к жизни",False
9f942741-4969-4603-9623-8a67f24ea4f8,0801ca37-919c-42c4-92ac-70813974d38e,8.0000,16.0000,low,Низкий уровень риска,"Отсутствие устойчивых суицидальных мыслей
Позитивное отношение к жизни
Способность справляться с проблемами
Отсутствие планов самоповреждения
Понимание ценности собственной жизни",False
24e6e276-e65e-43f6-a57c-04d86f3cf6e6,0801ca37-919c-42c4-92ac-70813974d38e,17.0000,24.0000,medium,Умеренный уровень риска,"Периодические мысли о самоповреждении
Ощущение бессмысленности жизни в кризисные периоды
Чувство тяжести проблем
Возможное наличие пассивных суицидальных мыслей
Необходимость психологической поддержки",True
c167c1e3-13b8-4d17-b6fc-50011733ebf4,0801ca37-919c-42c4-92ac-70813974d38e,25.0000,40.0000,high,Высокий уровень риска,"Устойчивые суицидальные мысли
Разработка планов самоповреждения
Убежденность в бессмысленности существования
Чувство беспомощности и безнадежности
Восприятие себя как обузы для окружающих",True
c980528f-6458-4c64-a5c5-3c8593e77c1d,e6fbf654-5290-4165-9f8d-7e3f28c50e6d,8.0000,16.0000,low,Кризисное состояние семейных отношений,"Недостаточная эмоциональная поддержка, проблемы в коммуникации и риск социальной изоляции.",True
8e828811-f571-4cdd-b0a4-8daba2821556,e6fbf654-5290-4165-9f8d-7e3f28c50e6d,17.0000,24.0000,medium,Нормализация семейных отношений,"Умеренная поддержка, частичные проблемы коммуникации и в целом стабильная семейная структура.",False
363dd885-b397-4493-a39d-05ec2dcd9aa9,e6fbf654-5290-4165-9f8d-7e3f28c50e6d,25.0000,40.0000,high,Здоровая семейная система,"Высокая эмоциональная поддержка, эффективная коммуникация и стабильные семейные связи.",False
25437188-1d52-406b-a756-3c5e25f34bd2,e4708649-c874-4983-a418-90eac0f7f63f,8.0000,16.0000,low,Деструктивный тип реагирования,"Избегание конфликтов, неумение идти на компромисс и вероятность агрессивной реакции.",True
8b21eeb9-737f-4b7f-909a-27e1ea81a0d5,e4708649-c874-4983-a418-90eac0f7f63f,17.0000,24.0000,medium,Смешанный тип реагирования,"Периодические трудности в разрешении конфликтов, частичная готовность к компромиссам и умеренная конфликтность.",False
07fdbd52-dbdd-465b-a5f7-8666c5c1557a,e4708649-c874-4983-a418-90eac0f7f63f,25.0000,40.0000,high,Конструктивный тип реагирования,"Умение находить решения, готовность к компромиссам и зрелая позиция в конфликтах.",False
ada84a41-8a71-4e59-a0f5-cf614cdd3fc0,a489f970-3fee-43bc-9e75-7ba9e9f363f4,8.0000,16.0000,low,Дезадаптация,"Трудности в социализации, проблемы с новыми контактами и страх изменений.",True
a44776c6-1dec-4fe7-b7cc-45742ab746ab,a489f970-3fee-43bc-9e75-7ba9e9f363f4,17.0000,24.0000,medium,Частичная адаптация,"Умеренная социальная активность, периодические трудности и нормальная адаптивность.",False
f7af8282-5fb2-4fa8-b6f7-ada70fb5574c,a489f970-3fee-43bc-9e75-7ba9e9f363f4,25.0000,40.0000,high,Высокая адаптация,"Успешная социализация, хорошие коммуникативные навыки и гибкость в условиях изменений.",False
29611bc4-467c-4919-9470-01d479ee3c97,4bcc5266-96fc-4c85-88f5-09f61e3f02cc,8.0000,16.0000,low,Здоровые стандарты,"Реалистичные ожидания, адекватная самооценка и гибкие критерии успеха.",False
68248136-54d4-4300-90ed-64446226881e,4bcc5266-96fc-4c85-88f5-09f61e3f02cc,17.0000,24.0000,medium,Умеренный перфекционизм,"Повышенные требования, критичность к себе и выраженное стремление к совершенству.",False
5c3ed694-ea9a-491e-b2d8-10a8c2cc539b,4bcc5266-96fc-4c85-88f5-09f61e3f02cc,25.0000,40.0000,high,Патологический перфекционизм,"Чрезмерные требования, самообвинение и страх неудачи.",True
0965f08f-6cf5-45c7-b97c-a9453c1993cd,d77dbf37-f62f-4294-902b-34d0e9cd9ce1,8.0000,16.0000,low,Оптимистичная позиция,"Вера в будущее, позитивный настрой и уверенность в собственных силах.",False
1bbf4818-3e95-4f9b-a1f2-308ef8c8a940,d77dbf37-f62f-4294-902b-34d0e9cd9ce1,17.0000,24.0000,medium,Умеренная безнадежность,"Периодический пессимизм, сомнения в успехе и снижение активности.",True
16bacddd-863f-41bf-9fe7-0583e74c4724,d77dbf37-f62f-4294-902b-34d0e9cd9ce1,25.0000,40.0000,high,Глубокая безнадежность,"Устойчивый пессимизм, отсутствие веры в успех и выраженная пассивность.",True
febe99a3-eb7d-40e1-8732-65b9ff3a147e,e1dc6e53-63dc-457b-9287-522913f6dc78,8.0000,16.0000,low,Низкая мотивация,"Отсутствие четких целей, пассивность и слабое стремление к достижениям.",True
e435f32e-5768-4817-88f4-796fed6a45af,e1dc6e53-63dc-457b-9287-522913f6dc78,17.0000,24.0000,medium,Средняя мотивация,"Наличие целей, периодическая активность и умеренное стремление к достижениям.",False
063f855f-33ca-4677-be7b-23a70fbe7fa2,e1dc6e53-63dc-457b-9287-522913f6dc78,25.0000,40.0000,high,Высокая мотивация,"Четкие цели, высокая активность и выраженное стремление к успеху.",False
dde11b9f-9078-43a9-b567-9da7740ff7ea,2b9c6e4a-4109-42f3-ad99-03206ba81fb3,8.0000,16.0000,low,Нормальная тревожность,"Адекватная реакция на стресс, сохранение контроля над состоянием и функциональный уровень тревоги.",False
eb8a094b-d557-4bde-988c-b047fc8a2ab6,2b9c6e4a-4109-42f3-ad99-03206ba81fb3,17.0000,24.0000,medium,Умеренная тревожность,"Повышенный уровень беспокойства, периодические тревожные переживания и частичный контроль.",True
ed8d7d72-5d4b-46f2-863a-d6768762b6dd,2b9c6e4a-4109-42f3-ad99-03206ba81fb3,25.0000,40.0000,high,Высокая тревожность,"Постоянная тревога, нарушение повседневного функционирования и выраженные тревожные признаки.",True
b6683c83-24f8-4c98-b0c6-da29dc080eb8,2ff2ca2b-c3b9-4d86-9e95-79e2caf25f62,8.0000,16.0000,low,Отсутствие депрессивных признаков,"Нормальное настроение, адекватная самооценка и достаточная энергичность.",False
1582603e-c8ce-4c24-9b23-7805ba482d4a,2ff2ca2b-c3b9-4d86-9e95-79e2caf25f62,17.0000,24.0000,medium,Легкая депрессия,"Снижение настроения, умеренная утомляемость и частичная потеря интереса.",True
c40d5b7d-c567-41cd-84e9-0e79d9162835,2ff2ca2b-c3b9-4d86-9e95-79e2caf25f62,25.0000,40.0000,high,Выраженная депрессия,"Стойкое снижение настроения, значительная утомляемость и потеря интереса к жизни.",True
98843807-985f-4b91-9ac6-eff85ef85cfb,ab5b157b-8a13-4bc6-a262-e7828d93f0bd,8.0000,16.0000,low,Низкий уровень риска,"Отсутствие устойчивых суицидальных мыслей и планов самоповреждения, позитивное отношение к жизни и способность справляться с проблемами.",False
548a2e85-b004-44ea-8320-084f3e0b5d77,ab5b157b-8a13-4bc6-a262-e7828d93f0bd,17.0000,24.0000,medium,Умеренный уровень риска,"Возможны периодические мысли о самоповреждении, ощущение бессмысленности жизни в кризисные периоды и потребность в психологической поддержке.",True
c8580ac5-bbe3-4579-9d9a-a8d2293bf52d,ab5b157b-8a13-4bc6-a262-e7828d93f0bd,25.0000,40.0000,high,Высокий уровень риска,"Возможны устойчивые суицидальные мысли, планы самоповреждения, выраженная беспомощность, безнадежность и восприятие себя как обузы.",True
